city,category,mean_jaccard,n_businesses,n_pairs
Indianapolis,Public Art,0.2066,5,6
Nashville,Mass Media,0.1891,6,15
Indianapolis,Playgrounds,0.1846,19,59
Indianapolis,Parks,0.1823,62,313
Tampa,Amusement Parks,0.1773,17,67
Nashville,Playgrounds,0.161,11,25
Indianapolis,Landmarks & Historical Buildings,0.1553,16,34
Nashville,Children's Clothing,0.1541,7,7
Indianapolis,Community Service/Non-Profit,0.1455,21,34
Indianapolis,Cards & Stationery,0.1426,5,8
Indianapolis,Public Services & Government,0.1353,36,60
Nashville,Shopping Centers,0.1322,16,23
Tampa,Festivals,0.132,37,151
Tampa,Educational Services,0.1269,5,8
Nashville,Accessories,0.1249,84,182
Indianapolis,Donation Center,0.123,13,22
Nashville,Art Supplies,0.122,6,7
Indianapolis,Local Flavor,0.1211,91,171
Tampa,Libraries,0.1204,8,13
Tampa,Discount Store,0.1202,32,56
Nashville,Men's Clothing,0.1187,61,98
Indianapolis,Interior Design,0.1181,10,7
Nashville,Bookstores,0.1178,13,14
Indianapolis,Art Galleries,0.1162,18,15
Indianapolis,Costumes,0.1161,6,6
Indianapolis,Thrift Stores,0.116,23,36
Indianapolis,Active Life,0.1159,303,807
Indianapolis,Discount Store,0.1158,37,73
Philadelphia,Mass Media,0.1157,13,20
Nashville,Arts & Crafts,0.1155,41,54
Nashville,Antiques,0.114,21,36
Indianapolis,Gas Stations,0.1136,12,11
Indianapolis,Farmers Market,0.1133,17,18
Philadelphia,Festivals,0.1125,27,64
Tampa,Pharmacy,0.1114,7,5
Nashville,Women's Clothing,0.1106,130,278
Nashville,Art Galleries,0.1105,21,22
Tucson,Discount Store,0.1103,33,34
Indianapolis,Hiking,0.1103,8,10
Nashville,Festivals,0.1098,11,15
Indianapolis,Arts & Crafts,0.1085,42,53
Indianapolis,Pharmacy,0.1077,9,9
Nashville,Shoe Stores,0.1077,34,43
Indianapolis,Financial Services,0.1071,13,16
Indianapolis,Toy Stores,0.107,15,16
Tampa,Fruits & Veggies,0.1068,9,9
Nashville,Parks,0.1066,43,143
Tucson,Soccer,0.1054,5,4
Indianapolis,Self Storage,0.1051,11,14
Nashville,Fruits & Veggies,0.105,5,5
Indianapolis,Festivals,0.1042,49,101
Nashville,Fashion,0.1041,285,728
Nashville,Farmers Market,0.1033,7,10
Tampa,Home Decor,0.1026,41,45
Philadelphia,Art Galleries,0.1026,55,74
Indianapolis,Convenience Stores,0.1025,32,30
Nashville,Furniture Stores,0.1016,42,48
Indianapolis,Organic Stores,0.1015,7,7
Tampa,Department Stores,0.1014,68,143
Indianapolis,Libraries,0.1011,5,4
Nashville,Convenience Stores,0.101,28,41
Indianapolis,Vintage & Consignment,0.101,41,62
Tampa,Public Services & Government,0.101,31,42
Indianapolis,Used,0.101,41,62
Tucson,Convenience Stores,0.1009,91,151
Indianapolis,Art Supplies,0.1006,6,5
Tampa,Convenience Stores,0.1006,55,70
Indianapolis,Antiques,0.1004,27,44
Indianapolis,Candy Stores,0.1001,5,4
Indianapolis,Fruits & Veggies,0.1,11,11
Indianapolis,Professional Services,0.1,38,35
Nashville,Barre Classes,0.0999,9,13
Tucson,Sewing & Alterations,0.0997,7,9
Tucson,Art Supplies,0.0996,12,18
Tampa,Hospitals,0.0995,7,7
Indianapolis,Dry Cleaning & Laundry,0.0994,10,11
Indianapolis,Laundry Services,0.0994,10,11
Tucson,Ophthalmologists,0.0988,6,6
Philadelphia,Train Stations,0.0979,7,12
Nashville,Gas Stations,0.0976,25,34
Nashville,Post Offices,0.0976,10,14
Philadelphia,Videos & Video Game Rental,0.0973,10,9
Philadelphia,Public Transportation,0.0973,9,12
Nashville,Outlet Stores,0.0962,6,7
Philadelphia,Churches,0.0956,8,11
Nashville,Cards & Stationery,0.0954,8,5
Indianapolis,Nurseries & Gardening,0.0951,21,24
Philadelphia,Discount Store,0.095,21,22
Nashville,Couriers & Delivery Services,0.0948,6,5
Indianapolis,Jewelry,0.0944,22,24
Tucson,Street Vendors,0.0941,23,45
Indianapolis,Department Stores,0.0939,55,79
Indianapolis,Hobby Shops,0.0938,17,17
Tucson,Donation Center,0.0938,15,29
Tampa,Gas Stations,0.0935,32,40
Tucson,Gas Stations,0.0934,43,73
Tampa,Drugstores,0.0933,45,53
Tampa,Laboratory Testing,0.0932,6,4
Indianapolis,Flowers & Gifts,0.093,65,74
Indianapolis,Gift Shops,0.0929,26,31
Tucson,Festivals,0.0929,13,33
Indianapolis,Food Stands,0.0928,18,38
Indianapolis,Printing Services,0.0924,9,8
Nashville,Books,0.0922,27,41
Nashville,Mags,0.0922,27,41
Nashville,Music & Video,0.0922,27,41
Philadelphia,Art Classes,0.092,5,5
Philadelphia,Religious Organizations,0.0916,12,14
Tucson,Telecommunications,0.0914,11,11
Tampa,Imported Food,0.0913,5,4
Indianapolis,Home Decor,0.0913,83,118
Philadelphia,Dog Parks,0.0912,9,11
Nashville,Public Services & Government,0.0911,45,76
Nashville,Dance Clubs,0.0911,9,9
Tucson,Vintage & Consignment,0.091,31,35
Tucson,Used,0.091,31,35
Tampa,Diagnostic Services,0.0905,8,7
Indianapolis,Swimming Pools,0.0904,5,3
Nashville,Golf,0.0904,10,38
Tampa,Food Stands,0.0904,11,10
Indianapolis,Specialty Schools,0.0902,13,11
Tampa,Watches,0.09,6,8
Indianapolis,Fashion,0.0899,252,422
Tucson,Cards & Stationery,0.0898,6,6
Tucson,Photography Stores & Services,0.0893,13,9
Tampa,Landmarks & Historical Buildings,0.0892,5,7
Tucson,Department Stores,0.0891,68,129
Tucson,Men's Clothing,0.089,37,45
Nashville,Department Stores,0.0888,36,59
Indianapolis,Drugstores,0.0885,32,32
Indianapolis,Home & Garden,0.0884,222,401
Tucson,Mobile Phone Accessories,0.0884,15,15
Tucson,Community Service/Non-Profit,0.0883,26,46
Tampa,Printing Services,0.0883,18,16
Nashville,Home Decor,0.0883,57,66
Tucson,Irrigation,0.0882,5,5
Tampa,Pediatric Dentists,0.0882,6,5
Nashville,Sporting Goods,0.0881,16,17
Tampa,Sports Wear,0.0879,13,12
Indianapolis,Ethnic Food,0.0877,15,18
Tampa,Shopping Centers,0.0875,8,18
Nashville,Jewelry,0.0874,44,44
Tampa,Mobile Phone Accessories,0.0873,5,4
Tucson,Women's Clothing,0.0871,78,114
Tampa,Grocery,0.087,131,277
Tampa,Notaries,0.0869,8,6
Nashville,Music & DVDs,0.0869,11,19
Tampa,Sporting Goods,0.0868,40,54
Tucson,Antiques,0.0867,22,42
Tampa,Men's Clothing,0.0866,43,66
Indianapolis,Child Care & Day Care,0.0866,5,7
Tucson,Banks & Credit Unions,0.0865,50,75
Tucson,Comic Books,0.0863,9,22
Philadelphia,International Grocery,0.0863,9,10
Nashville,Thrift Stores,0.0863,16,27
Nashville,Hobby Shops,0.0861,8,6
Tucson,Weight Loss Centers,0.0859,5,5
Tampa,Women's Clothing,0.0858,76,113
Tampa,Farmers Market,0.0858,10,6
Tucson,Elementary Schools,0.0858,9,9
Tampa,Shoe Stores,0.0857,16,14
Nashville,Shopping,0.0856,1025,3776
Tampa,Education,0.0855,24,25
Tucson,Hardware Stores,0.0854,35,43
Philadelphia,Pop-Up Restaurants,0.0853,6,8
Tampa,Fashion,0.0852,253,541
Philadelphia,Insurance,0.0852,5,7
Indianapolis,Grocery,0.0852,128,271
Tucson,Thrift Stores,0.0851,45,131
Indianapolis,Boot Camps,0.0851,5,5
Indianapolis,British,0.0851,5,8
Indianapolis,Electronics,0.085,25,26
Tampa,Children's Clothing,0.0849,14,13
Tucson,Adult Entertainment,0.0847,5,13
Tampa,Arts & Crafts,0.0847,22,22
Indianapolis,Shopping,0.0846,1124,3938
Tampa,International Grocery,0.0845,11,18
Indianapolis,Meat Shops,0.0843,11,10
Philadelphia,Fabric Stores,0.084,10,16
Tampa,Shipping Centers,0.084,14,10
Tucson,Eyewear & Opticians,0.0837,22,18
Tucson,Dry Cleaning & Laundry,0.0837,20,19
Nashville,Gift Shops,0.0837,12,15
Indianapolis,Auto Detailing,0.0837,6,5
Tampa,Performing Arts,0.0836,7,6
Nashville,Stadiums & Arenas,0.0836,6,6
Tucson,Videos & Video Game Rental,0.0836,9,11
Indianapolis,Education,0.0835,23,19
Tucson,Financial Services,0.0834,79,106
Nashville,Banks & Credit Unions,0.0833,22,28
Nashville,Vintage & Consignment,0.0832,43,74
Nashville,Used,0.0832,43,74
Tucson,Gift Shops,0.0831,9,9
Tucson,Arts & Crafts,0.083,43,60
Nashville,Flowers & Gifts,0.083,45,49
Tampa,Orthodontists,0.083,10,12
Indianapolis,Specialty Food,0.0828,147,210
Indianapolis,Eyewear & Opticians,0.0823,5,4
Nashville,Health Markets,0.0823,8,11
Tucson,Painters,0.082,8,5
Tampa,Meat Shops,0.082,12,10
Tampa,Arts & Entertainment,0.0819,201,464
Philadelphia,Gas Stations,0.0818,10,10
Nashville,Vinyl Records,0.0817,10,17
Tampa,Florists,0.0817,9,6
Philadelphia,Landmarks & Historical Buildings,0.0816,55,147
Indianapolis,Accessories,0.0813,25,21
Indianapolis,Performing Arts,0.0812,21,29
Tampa,Parks,0.0811,47,99
Tampa,Telecommunications,0.081,7,5
Indianapolis,Hardware Stores,0.0809,11,14
Tucson,Fashion,0.0809,244,486
Tucson,Fences & Gates,0.0809,6,11
Indianapolis,Books,0.0808,45,50
Indianapolis,Music & Video,0.0808,45,50
Indianapolis,Transmission Repair,0.0808,10,22
Indianapolis,Mags,0.0808,45,50
Tucson,Laundry Services,0.0807,21,21
Indianapolis,Truck Rental,0.0805,6,5
Nashville,Performing Arts,0.0804,12,14
Philadelphia,Races & Competitions,0.0804,6,11
Philadelphia,Sports Wear,0.0801,14,14
Nashville,Home & Garden,0.08,173,231
Philadelphia,Television Stations,0.08,5,5
Indianapolis,Music & DVDs,0.0799,8,7
Tucson,Pharmacy,0.0799,16,14
Nashville,Cinema,0.0798,12,22
Nashville,Financial Services,0.0798,28,36
Philadelphia,Furniture Stores,0.0797,42,46
Tucson,Jewelry,0.0797,54,54
Tucson,Pediatric Dentists,0.0796,6,9
Tucson,Drugstores,0.0796,73,84
Indianapolis,Arts & Entertainment,0.0795,293,684
Tucson,Optometrists,0.0795,26,23
Tucson,Toy Stores,0.0791,14,17
Indianapolis,Food Trucks,0.0791,38,55
Indianapolis,Wine & Spirits,0.079,75,113
Indianapolis,Beer,0.079,75,113
Indianapolis,Women's Clothing,0.0788,56,59
Tampa,Street Vendors,0.0787,14,27
Tucson,Music & DVDs,0.0786,7,14
Tampa,Golf,0.0785,21,55
Philadelphia,Music & DVDs,0.0785,25,68
Tucson,Farmers Market,0.0784,8,7
Philadelphia,Banks & Credit Unions,0.0784,32,40
Tucson,Art Galleries,0.0784,18,20
Tucson,Mobile Phones,0.0783,23,21
Tampa,Physical Therapy,0.0782,12,15
Indianapolis,Bookstores,0.0781,7,5
Indianapolis,Furniture Stores,0.078,55,67
Nashville,Hospitals,0.078,7,5
Indianapolis,Museums,0.078,18,24
Tucson,Hobby Shops,0.0779,20,31
Tucson,Parks,0.0778,41,71
Indianapolis,Chocolatiers & Shops,0.0778,9,6
Philadelphia,Comic Books,0.0777,5,9
Philadelphia,Toy Stores,0.0777,16,14
Indianapolis,Local Services,0.0776,405,652
Indianapolis,Photography Stores & Services,0.0774,6,4
Tucson,Shopping Centers,0.0773,9,23
Tampa,Antiques,0.0771,18,22
Tucson,Books,0.0769,38,92
Tucson,Mags,0.0769,38,92
Tucson,Music & Video,0.0769,38,92
Philadelphia,Music & Video,0.0767,92,232
Philadelphia,Books,0.0767,92,232
Philadelphia,Mags,0.0767,92,232
Tucson,Local Flavor,0.0766,59,94
Tucson,Home Decor,0.0766,89,107
Tampa,Country Clubs,0.0766,5,5
Indianapolis,Breweries,0.0765,64,288
Indianapolis,Home Cleaning,0.0764,10,9
Tampa,Jewelry,0.0763,23,25
Tampa,Accessories,0.0762,37,38
Tucson,Education,0.0758,63,66
Philadelphia,Boxing,0.0757,6,7
Indianapolis,Street Vendors,0.0756,12,22
Tampa,Flowers & Gifts,0.0756,31,26
Tucson,Cardiologists,0.0755,5,4
Indianapolis,Car Rental,0.0755,9,9
Tampa,Banks & Credit Unions,0.0753,24,20
Tucson,Cabinetry,0.0753,9,9
Philadelphia,Vinyl Records,0.0752,19,48
Philadelphia,Diagnostic Services,0.075,11,9
Indianapolis,Gay Bars,0.0749,7,20
Nashville,Self Storage,0.0749,11,10
Nashville,Active Life,0.0747,245,595
Philadelphia,Public Services & Government,0.0747,98,201
Indianapolis,Shopping Centers,0.0746,5,5
Tampa,Furniture Stores,0.0744,44,53
Tucson,Specialty Schools,0.0743,20,21
Philadelphia,Shoe Stores,0.0742,45,64
Tucson,Professional Services,0.074,109,159
Indianapolis,Property Management,0.074,13,12
Indianapolis,Pet Stores,0.074,18,18
Philadelphia,Financial Services,0.0739,65,80
Indianapolis,Men's Clothing,0.0738,22,22
Nashville,Photography Stores & Services,0.0737,6,3
Indianapolis,Cupcakes,0.0736,6,6
Tucson,Public Services & Government,0.0736,12,10
Tampa,Shopping,0.0735,1248,4171
Philadelphia,Men's Clothing,0.0733,87,122
Tampa,Packing Supplies,0.0732,5,4
Philadelphia,Periodontists,0.0732,7,6
Tampa,Stadiums & Arenas,0.0732,5,4
Nashville,Grocery,0.0732,88,149
Tampa,Active Life,0.0732,379,776
Nashville,Bikes,0.0731,6,9
Indianapolis,Comic Books,0.0729,8,14
Tampa,Organic Stores,0.0727,14,15
Indianapolis,Sports Wear,0.0727,11,10
Indianapolis,Chicken Shop,0.0727,21,15
Philadelphia,Shared Office Spaces,0.0726,6,7
Tucson,Door Sales/Installation,0.0724,8,10
Tampa,Home & Garden,0.0724,231,355
Indianapolis,Chiropractors,0.0723,5,6
Indianapolis,Physical Therapy,0.0723,5,6
Indianapolis,IT Services & Computer Repair,0.0723,13,10
Philadelphia,Notaries,0.0721,9,7
Tucson,Preschools,0.0721,8,9
Philadelphia,Local Flavor,0.0721,116,174
Indianapolis,International Grocery,0.0721,5,7
Philadelphia,Convenience Stores,0.0721,132,173
Tucson,Printing Services,0.0719,13,9
Tampa,Boot Camps,0.0719,12,10
Tucson,Cosmetics & Beauty Supply,0.0719,51,55
Tampa,Dog Parks,0.0717,16,20
Tucson,Accessories,0.0715,45,45
Nashville,Gay Bars,0.0714,8,13
Nashville,Hiking,0.0714,8,8
Tampa,Seafood Markets,0.0713,9,8
Indianapolis,Health Markets,0.0713,7,5
Indianapolis,Men's Hair Salons,0.0712,5,6
Philadelphia,Women's Clothing,0.0712,168,349
Indianapolis,Doctors,0.0712,55,46
Indianapolis,Golf,0.0712,17,50
Philadelphia,Counseling & Mental Health,0.0712,6,4
Philadelphia,Fashion,0.071,434,983
Tampa,Local Flavor,0.0709,39,41
Indianapolis,Dentists,0.0708,27,26
Indianapolis,Latin American,0.0708,27,34
Philadelphia,Donuts,0.0707,62,58
Tampa,Electronics,0.0706,24,20
Nashville,Ethnic Food,0.0706,14,14
Tucson,Diagnostic Services,0.0706,8,6
Tucson,Kitchen & Bath,0.0703,21,24
Philadelphia,Thrift Stores,0.0702,27,39
Tucson,Notaries,0.0701,5,3
Philadelphia,Antiques,0.07,27,49
Tucson,Children's Clothing,0.07,5,5
Philadelphia,Drugstores,0.0699,78,90
Indianapolis,Cinema,0.0699,14,23
Tucson,Shopping,0.0699,1611,5988
Tampa,Cosmetics & Beauty Supply,0.0699,48,50
Tucson,Home & Garden,0.0698,354,685
Indianapolis,Landscaping,0.0697,12,10
Nashville,Interior Design,0.0697,5,4
Indianapolis,Cosmetics & Beauty Supply,0.0696,6,3
Tucson,Interior Design,0.0695,13,11
Tucson,IT Services & Computer Repair,0.0694,31,29
Tampa,Building Supplies,0.0692,18,16
Indianapolis,Baby Gear & Furniture,0.0692,8,6
Nashville,Shipping Centers,0.0691,5,4
Indianapolis,Sporting Goods,0.0691,33,30
Tucson,Pest Control,0.0691,20,16
Indianapolis,Health & Medical,0.0688,315,410
Nashville,Discount Store,0.0687,13,14
Indianapolis,Fitness & Instruction,0.0686,105,124
Indianapolis,Food,0.0685,1335,4703
Philadelphia,Vintage & Consignment,0.0684,48,94
Philadelphia,Used,0.0684,48,94
Philadelphia,Department Stores,0.0682,52,65
Tucson,Flowers & Gifts,0.0682,36,37
Tampa,Nurseries & Gardening,0.0682,28,28
Tucson,Performing Arts,0.0681,19,31
Tucson,Hair Extensions,0.0681,5,8
Philadelphia,Street Vendors,0.0681,42,87
Indianapolis,Towing,0.068,6,5
Philadelphia,Arts & Entertainment,0.068,454,1136
Tucson,Bookstores,0.068,12,24
Philadelphia,Professional Sports Teams,0.0679,5,9
Indianapolis,Bakeries,0.0676,94,111
Philadelphia,Libraries,0.0676,7,5
Nashville,Formal Wear,0.0676,5,5
Philadelphia,Stadiums & Arenas,0.0675,5,8
Tucson,Grocery,0.0675,139,270
Indianapolis,Yoga,0.0674,30,35
Tampa,Insurance,0.0672,6,5
Philadelphia,Parks,0.0672,62,107
Philadelphia,Art Supplies,0.0672,10,17
Indianapolis,Building Supplies,0.0668,17,12
Indianapolis,Music Venues,0.0667,28,39
Tampa,Hardware Stores,0.0667,12,9
Philadelphia,Weight Loss Centers,0.0667,6,4
Indianapolis,Karaoke,0.0666,5,4
Indianapolis,Wineries,0.0666,9,14
Tampa,Boxing,0.0666,6,5
Tampa,Ethnic Food,0.0666,26,39
Tampa,Medical Centers,0.0666,33,29
Indianapolis,Mobile Phones,0.0665,13,12
Tucson,Orthodontists,0.0665,16,15
Tampa,Photography Stores & Services,0.0664,6,3
Tucson,Food Stands,0.0664,20,30
Indianapolis,Beer Gardens,0.0664,8,7
Philadelphia,Shaved Ice,0.0664,11,13
Philadelphia,Knitting Supplies,0.0663,7,13
Nashville,Ice Cream & Frozen Yogurt,0.0663,68,84
Tampa,Museums,0.0662,8,11
Indianapolis,Shoe Stores,0.0662,13,10
Philadelphia,Home Decor,0.0662,69,75
Philadelphia,Shopping,0.0661,1951,6482
Philadelphia,Accessories,0.0661,77,95
Tampa,Thrift Stores,0.0661,13,24
Tampa,Food Trucks,0.0661,115,194
Tampa,Bookstores,0.0661,7,5
Philadelphia,Food Stands,0.0659,60,138
Indianapolis,Trainers,0.0659,37,40
Tucson,Laundromat,0.0658,7,7
Tampa,Breweries,0.0658,36,152
Tucson,Hiking,0.0658,19,29
Tucson,Dance Studios,0.0657,5,4
Tampa,Financial Services,0.0657,49,44
Philadelphia,Laboratory Testing,0.0656,7,5
Indianapolis,Dance Clubs,0.0656,21,29
Indianapolis,Sewing & Alterations,0.0656,11,8
Tucson,Music Venues,0.0654,13,30
Indianapolis,Sports Clubs,0.0654,11,14
Tucson,Hair Stylists,0.0653,31,26
Tampa,Comic Books,0.0653,6,5
Tucson,Arts & Entertainment,0.0652,190,397
Tucson,Furniture Stores,0.0651,65,98
Indianapolis,Party & Event Planning,0.0649,16,10
Philadelphia,Self Storage,0.0649,13,19
Tucson,Pool & Hot Tub Service,0.0649,23,23
Tucson,Religious Organizations,0.0649,7,6
Tucson,Building Supplies,0.0646,37,42
Indianapolis,Coffee & Tea,0.0646,217,402
Philadelphia,Arts & Crafts,0.0646,64,114
Tucson,Cosmetic Dentists,0.0644,33,27
Tampa,Fishing,0.0644,7,5
Nashville,Local Flavor,0.0644,42,62
Tampa,Books,0.0643,15,14
Tampa,Mags,0.0643,15,14
Indianapolis,Hot Dogs,0.0643,9,7
Tucson,Gold Buyers,0.0643,7,7
Tampa,Music & Video,0.0643,15,14
Philadelphia,Tapas Bars,0.0642,11,12
Tucson,Auto Customization,0.0642,6,5
Indianapolis,Vape Shops,0.0641,12,15
Philadelphia,Home & Garden,0.0641,221,300
Tampa,Fitness & Instruction,0.0641,138,218
Indianapolis,Massage,0.064,43,48
Philadelphia,African,0.0636,17,38
Tucson,Food Trucks,0.0636,79,128
Tucson,Lounges,0.0635,19,44
Indianapolis,General Dentistry,0.0635,20,17
Tampa,Specialty Food,0.0635,185,298
Indianapolis,Gyms,0.0634,44,50
Indianapolis,Fast Food,0.0634,457,1064
Tucson,Pool Cleaners,0.0634,23,22
Philadelphia,Cinema,0.0633,30,74
Tampa,Bubble Tea,0.0633,26,68
Tucson,Art Museums,0.0633,5,7
Tucson,Window Washing,0.0632,6,8
Indianapolis,Hair Salons,0.0632,73,72
Philadelphia,Martial Arts,0.0631,8,8
Indianapolis,Florists,0.0631,15,11
Nashville,Fitness & Instruction,0.0631,110,190
Tampa,Vintage & Consignment,0.063,17,17
Philadelphia,Bookstores,0.063,29,47
Tampa,Used,0.063,17,17
Indianapolis,Cafes,0.063,50,48
Tampa,Yoga,0.0629,20,21
Tampa,Wine & Spirits,0.0628,88,91
Tampa,Beer,0.0628,88,91
Philadelphia,Community Service/Non-Profit,0.0627,18,13
Philadelphia,Farmers Market,0.0626,11,13
Nashville,Electronics,0.0625,24,23
Tucson,Churches,0.0625,5,5
Tucson,Family Practice,0.0624,22,17
Indianapolis,Recycling Center,0.0624,6,5
Nashville,Auto Parts & Supplies,0.0624,31,28
Indianapolis,Children's Clothing,0.0623,11,7
Indianapolis,Shipping Centers,0.0623,7,5
Tucson,Flooring,0.0622,30,30
Philadelphia,Pharmacy,0.0619,14,12
Philadelphia,Dry Cleaning & Laundry,0.0619,42,42
Indianapolis,Automotive,0.0618,403,598
Philadelphia,Electronics,0.0618,32,28
Philadelphia,Laundry Services,0.0617,44,44
Tampa,Appliances,0.0616,15,14
Philadelphia,Dance Clubs,0.0615,68,150
Philadelphia,Family Practice,0.0615,6,5
Nashville,Yoga,0.0615,28,35
Tucson,Nurseries & Gardening,0.0614,27,45
Nashville,Printing Services,0.0613,6,5
Philadelphia,Turkish,0.0613,9,7
Indianapolis,Notaries,0.0612,5,4
Tampa,Trainers,0.0611,46,48
Philadelphia,Grocery,0.0611,221,359
Nashville,Tobacco Shops,0.0611,15,22
Tucson,Office Equipment,0.061,9,6
Tucson,Carpet Cleaning,0.0609,22,29
Indianapolis,Beer Bar,0.0609,37,64
Tucson,Roofing,0.0609,19,15
Indianapolis,Fish & Chips,0.0609,6,4
Indianapolis,Dive Bars,0.0608,20,26
Philadelphia,Photography Stores & Services,0.0608,18,16
Indianapolis,Appliances,0.0607,9,7
Tampa,Gyms,0.0607,68,82
Tampa,Cinema,0.0607,14,24
Tucson,General Dentistry,0.0607,59,53
Tucson,Landscaping,0.0606,31,35
Nashville,Drugstores,0.0605,23,17
Indianapolis,Tobacco Shops,0.0605,19,17
Tampa,Doctors,0.0605,182,244
Indianapolis,Pubs,0.0604,91,165
Tampa,Mobile Phones,0.0604,14,10
Tampa,IT Services & Computer Repair,0.0604,16,13
Tucson,Hot Dogs,0.0603,32,40
Tampa,Spanish,0.0603,25,25
Philadelphia,Laundromat,0.0603,7,7
Tucson,Baby Gear & Furniture,0.0603,8,11
Philadelphia,Car Wash,0.0602,16,10
Tucson,Electronics,0.0602,60,60
Indianapolis,Tabletop Games,0.0601,5,4
Tucson,Home Cleaning,0.0599,29,43
Philadelphia,Indonesian,0.0598,15,59
Indianapolis,Medical Spas,0.0597,7,4
Nashville,Electricians,0.0597,5,4
Tucson,Pet Stores,0.0597,35,53
Philadelphia,Music Venues,0.0597,74,162
Indianapolis,Adult Entertainment,0.0596,6,4
Nashville,Wine & Spirits,0.0596,74,91
Nashville,Beer,0.0596,74,91
Tucson,Gun/Rifle Ranges,0.0596,6,7
Tucson,Breweries,0.0596,34,158
Nashville,Gyms,0.0596,53,65
Philadelphia,Lounges,0.0595,133,227
Philadelphia,Keys & Locksmiths,0.0595,11,13
Philadelphia,Musical Instruments & Teachers,0.0595,12,9
Indianapolis,Pakistani,0.0594,7,7
Tucson,Dentists,0.0594,78,77
Tampa,Food,0.0593,1686,6838
Philadelphia,Urgent Care,0.0593,13,10
Indianapolis,Auto Parts & Supplies,0.0593,43,36
Tucson,Cinema,0.0593,11,15
Tampa,Obstetricians & Gynecologists,0.0592,9,10
Philadelphia,Interior Design,0.0592,9,10
Philadelphia,Psychics,0.0592,6,25
Philadelphia,Supernatural Readings,0.0592,6,25
Tucson,Musical Instruments & Teachers,0.0592,15,19
Philadelphia,Mattresses,0.0592,6,8
Tampa,Chiropractors,0.0592,16,21
Indianapolis,Ice Cream & Frozen Yogurt,0.0591,48,50
Tampa,Latin American,0.0591,98,164
Tucson,Men's Hair Salons,0.059,18,14
Nashville,Specialty Food,0.059,116,149
Tucson,Fast Food,0.059,411,1001
Philadelphia,Gift Shops,0.059,11,7
Indianapolis,Pet Groomers,0.059,26,27
Nashville,Landmarks & Historical Buildings,0.0589,16,25
Tucson,Chiropractors,0.0588,19,16
Tampa,Professional Services,0.0588,66,70
Nashville,Food Stands,0.0588,12,16
Tampa,Tanning,0.0587,6,6
Indianapolis,Desserts,0.0585,79,84
Tampa,Contractors,0.0585,27,21
Tucson,Local Services,0.0584,721,1181
Nashville,Street Vendors,0.0584,14,18
Tucson,Musical Instrument Services,0.0584,6,6
Indianapolis,Nightlife,0.0583,621,2341
Tucson,Museums,0.0583,23,42
Philadelphia,Roofing,0.0582,18,19
Tampa,Kitchen & Bath,0.0582,16,9
Indianapolis,Bars,0.0582,547,2072
Tucson,Physical Therapy,0.0582,15,9
Indianapolis,Mexican,0.0582,297,485
Philadelphia,Dance Studios,0.0582,14,12
Indianapolis,Junk Removal & Hauling,0.0582,5,5
Indianapolis,Gastropubs,0.0582,20,16
Nashville,Child Care & Day Care,0.0582,5,5
Indianapolis,Sandwiches,0.0582,305,368
Tucson,Swimming Pools,0.0581,8,7
Indianapolis,Brewpubs,0.0581,14,23
Nashville,Contractors,0.0581,28,27
Nashville,Appliances,0.058,6,4
Philadelphia,Adult,0.058,6,4
Tampa,Barbers,0.0579,47,55
Tucson,Active Life,0.0579,344,630
Tampa,Dim Sum,0.0578,6,14
Tampa,Health & Medical,0.0577,683,1265
Tampa,Landscaping,0.0577,12,12
Tucson,Doctors,0.0577,250,357
Tucson,Health & Medical,0.0576,850,1733
Indianapolis,Burgers,0.0575,317,512
Tucson,Carpeting,0.0574,9,6
Tucson,Motorcycle Dealers,0.0573,13,24
Philadelphia,Real Estate Services,0.0573,16,16
Indianapolis,Real Estate,0.0573,89,86
Tucson,Vinyl Records,0.0573,6,8
Nashville,Tex-Mex,0.0573,24,22
Indianapolis,Gluten-Free,0.0573,7,6
Philadelphia,Ophthalmologists,0.0571,6,4
Tucson,Health Markets,0.0571,11,20
Tucson,Food,0.0571,1360,4573
Nashville,Doctors,0.057,70,74
Tucson,Motorcycle Repair,0.057,15,28
Tucson,Ice Cream & Frozen Yogurt,0.057,74,84
Indianapolis,Cocktail Bars,0.0569,58,72
Philadelphia,Cosmetics & Beauty Supply,0.0569,53,65
Indianapolis,Tattoo,0.0569,11,10
Nashville,Acupuncture,0.0568,6,3
Indianapolis,Juice Bars & Smoothies,0.0568,22,22
Tampa,Delis,0.0568,57,66
Tucson,Fitness & Instruction,0.0568,113,160
Philadelphia,Dive Bars,0.0567,55,138
Tampa,Real Estate Services,0.0567,12,18
Indianapolis,Caterers,0.0565,48,37
Tucson,Automotive,0.0565,678,1326
Indianapolis,Urgent Care,0.0565,11,11
Indianapolis,Oil Change Stations,0.0565,38,29
Tampa,Cannabis Clinics,0.0564,9,15
Tampa,Gift Shops,0.0564,9,5
Tucson,Auto Parts & Supplies,0.0563,67,61
Tucson,Appliances,0.0563,25,27
Indianapolis,Bubble Tea,0.0563,16,36
Tucson,Wine & Spirits,0.0562,60,84
Tucson,Beer,0.0562,60,84
Philadelphia,Ethiopian,0.0562,11,25
Tampa,Pet Stores,0.0561,20,22
Indianapolis,Venezuelan,0.0561,5,6
Tucson,Golf,0.0561,21,37
Tampa,Optometrists,0.0561,14,9
Indianapolis,Home Services,0.0561,496,754
Tampa,Photographers,0.0561,6,3
Tampa,Peruvian,0.0561,12,25
Tampa,Eyewear & Opticians,0.0561,12,8
Tampa,Local Services,0.0561,449,617
Philadelphia,Hobby Shops,0.0561,18,14
Philadelphia,Sports Medicine,0.056,6,6
Tampa,Dentists,0.056,73,80
Tucson,Dive Bars,0.056,24,40
Indianapolis,Contractors,0.0559,35,32
Tucson,Tex-Mex,0.0558,12,10
Indianapolis,Pet Sitting,0.0558,24,19
Philadelphia,Fruits & Veggies,0.0558,12,13
Indianapolis,Pets,0.0557,107,127
Philadelphia,Sporting Goods,0.0556,50,51
Tampa,Chicken Shop,0.0556,28,34
Philadelphia,Fast Food,0.0555,277,370
Tampa,Dry Cleaning & Laundry,0.0554,19,20
Tampa,Cycling Classes,0.0554,5,7
Tampa,Irish,0.0554,11,11
Philadelphia,Organic Stores,0.0553,9,13
Tucson,Specialty Food,0.0553,79,97
Nashville,Massage Therapy,0.0553,26,31
Tampa,Cupcakes,0.0552,11,8
Indianapolis,Tacos,0.0552,36,34
Indianapolis,Chicken Wings,0.0552,111,115
Philadelphia,Delis,0.0551,178,200
Tampa,Beer Bar,0.0551,29,53
Philadelphia,Shopping Centers,0.055,7,8
Philadelphia,Noodles,0.055,23,35
Tampa,Motorcycle Dealers,0.055,9,16
Nashville,Arts & Entertainment,0.0549,276,780
Nashville,Mobile Phones,0.0549,10,8
Tampa,Health Markets,0.0549,12,11
Indianapolis,Pizza,0.0548,246,299
Tucson,Mobile Phone Repair,0.0548,6,4
Tucson,Pubs,0.0547,37,74
Indianapolis,Barbers,0.0547,20,17
Nashville,Kitchen & Bath,0.0546,9,11
Philadelphia,Korean,0.0546,70,143
Tampa,Cannabis Dispensaries,0.0546,10,14
Indianapolis,Restaurants,0.0545,2834,14469
Philadelphia,Auto Parts & Supplies,0.0545,22,25
Indianapolis,American (New),0.0545,261,595
Tampa,Tree Services,0.0545,8,8
Philadelphia,Cards & Stationery,0.0545,16,13
Tampa,Gay Bars,0.0544,5,4
Philadelphia,Health Markets,0.0544,11,10
Tucson,Contractors,0.0544,134,169
Indianapolis,Wine Bars,0.0543,24,28
Indianapolis,Pilates,0.0543,9,8
Indianapolis,Apartments,0.0543,61,61
Philadelphia,Playgrounds,0.0542,11,8
Tucson,Home Services,0.0542,1208,3478
Philadelphia,Beer Gardens,0.0542,20,36
Philadelphia,Education,0.0542,91,87
Philadelphia,Brewpubs,0.0541,13,22
Indianapolis,Donuts,0.0541,12,12
Nashville,Handyman,0.0541,11,10
Nashville,Food Trucks,0.0541,67,103
Tucson,Tacos,0.054,35,29
Indianapolis,Comfort Food,0.054,15,13
Indianapolis,Auto Repair,0.054,143,152
Philadelphia,Appliances & Repair,0.054,15,13
Philadelphia,Floral Designers,0.054,8,5
Philadelphia,Doctors,0.054,137,153
Tampa,Ice Cream & Frozen Yogurt,0.0539,109,172
Tucson,Shoe Stores,0.0539,16,12
Philadelphia,Jewelry,0.0538,74,90
Tampa,Massage Therapy,0.0537,28,28
Philadelphia,Tobacco Shops,0.0537,33,49
Nashville,Medical Centers,0.0537,15,11
Tampa,Men's Hair Salons,0.0537,21,18
Tucson,Organic Stores,0.0537,8,13
Indianapolis,Bikes,0.0536,9,8
Philadelphia,Wine & Spirits,0.0535,160,214
Tucson,Gastropubs,0.0535,6,8
Philadelphia,Beer,0.0535,160,214
Philadelphia,Specialty Food,0.0534,290,439
Tampa,Fast Food,0.0533,256,450
Tampa,Vape Shops,0.0532,17,18
Tucson,Office Cleaning,0.0532,7,6
Tucson,Movers,0.0531,19,18
Philadelphia,General Dentistry,0.0531,41,33
Tampa,Pubs,0.0531,52,87
Indianapolis,Vegan,0.0531,13,24
Tampa,Mexican,0.053,170,233
Indianapolis,Pet Services,0.053,50,55
Philadelphia,Cheese Shops,0.053,10,13
Tucson,Party Supplies,0.053,9,7
Tampa,Guns & Ammo,0.0529,8,7
Tucson,Burgers,0.0529,207,324
Tucson,Dance Clubs,0.0529,14,13
Tucson,Handyman,0.0529,6,5
Tucson,Pet Training,0.0529,19,20
Tampa,Colombian,0.0528,10,6
Tucson,Sporting Goods,0.0528,58,76
Tucson,Grout Services,0.0528,10,10
Philadelphia,Active Life,0.0528,508,1101
Tampa,Carpeting,0.0528,5,5
Tampa,Self Storage,0.0527,20,17
Tucson,Barbers,0.0527,68,73
Nashville,Wedding Planning,0.0527,9,9
Philadelphia,Burgers,0.0526,234,279
Tampa,Laundry Services,0.0526,28,27
Indianapolis,Beauty & Spas,0.0526,480,750
Indianapolis,Venues & Event Spaces,0.0525,85,96
Indianapolis,Chinese,0.0525,98,121
Philadelphia,Chicken Wings,0.0525,134,131
Tampa,General Dentistry,0.0524,43,37
Tucson,Outdoor Gear,0.0524,11,14
Tampa,Bagels,0.0524,12,8
Philadelphia,Flowers & Gifts,0.0524,57,50
Tucson,Shaved Ice,0.0524,9,8
Tampa,Airports,0.0524,8,6
Nashville,Beer Gardens,0.0523,9,14
Philadelphia,Eyewear & Opticians,0.0523,8,5
Nashville,IT Services & Computer Repair,0.0523,10,7
Tampa,Specialty Schools,0.0523,5,4
Indianapolis,Electricians,0.0522,8,6
Nashville,Trainers,0.0522,44,59
Nashville,Fast Food,0.0522,218,489
Philadelphia,Children's Clothing,0.0521,8,5
Philadelphia,Gay Bars,0.0521,18,91
Tucson,Party & Event Planning,0.0521,16,14
Tampa,Vietnamese,0.052,34,61
Nashville,Musical Instrument Services,0.052,10,18
Nashville,Guitar Stores,0.052,10,18
Tucson,Wine Bars,0.052,37,69
Philadelphia,Preschools,0.052,16,15
Tampa,Nutritionists,0.0519,5,3
Philadelphia,Food Trucks,0.0519,110,237
Tucson,Pain Management,0.0519,7,10
Philadelphia,Painters,0.0519,21,19
Indianapolis,Veterinarians,0.0518,30,20
Indianapolis,Eyebrow Services,0.0517,6,5
Tucson,Electricians,0.0517,12,7
Tampa,Automotive,0.0517,514,799
Tucson,Tree Services,0.0517,14,14
Tucson,Masonry/Concrete,0.0516,6,7
Philadelphia,Food,0.0516,3044,12009
Indianapolis,Tires,0.0516,49,36
Philadelphia,Hot Dogs,0.0516,13,10
Nashville,Optometrists,0.0516,5,3
Philadelphia,Automotive,0.0515,477,695
Nashville,Cosmetics & Beauty Supply,0.0515,28,20
Indianapolis,Cosmetic Dentists,0.0515,9,7
Philadelphia,Taiwanese,0.0515,9,12
Tucson,Beer Bar,0.0514,34,76
Indianapolis,Vegetarian,0.0514,19,15
Philadelphia,Gyms,0.0513,100,131
Tucson,Ramen,0.0513,9,22
Indianapolis,Hospitals,0.0513,6,5
Philadelphia,Dentists,0.0512,89,80
Philadelphia,Guns & Ammo,0.0512,5,4
Philadelphia,Medical Centers,0.0511,21,14
Indianapolis,Eyelash Service,0.0511,8,6
Tucson,Shipping Centers,0.0511,16,12
Tucson,Coffee & Tea,0.0511,236,490
Tampa,Mortgage Brokers,0.0511,8,9
Philadelphia,Yoga,0.0511,73,196
Tampa,Car Wash,0.0511,20,16
Tucson,Hair Salons,0.051,202,219
Philadelphia,Barre Classes,0.051,15,40
Tucson,Internet Service Providers,0.051,16,20
Nashville,Professional Services,0.051,22,20
Tucson,Trainers,0.051,29,28
Indianapolis,African,0.0509,5,5
Tucson,Tiling,0.0509,11,10
Tampa,Flooring,0.0509,12,10
Nashville,Automotive,0.0509,307,478
Tampa,Chicken Wings,0.0509,110,131
Tucson,Noodles,0.0508,14,29
Nashville,Local Services,0.0508,339,429
Indianapolis,Southern,0.0508,13,11
Tucson,Vape Shops,0.0507,28,56
Tucson,Massage Therapy,0.0507,56,79
Philadelphia,Adult Entertainment,0.0507,23,74
Tucson,Pet Sitting,0.0506,16,16
Tampa,Weight Loss Centers,0.0506,11,6
Philadelphia,Polish,0.0506,6,7
Tampa,Shoe Repair,0.0506,8,7
Indianapolis,Massage Therapy,0.0506,15,10
Tucson,Latin American,0.0505,6,4
Indianapolis,Mediterranean,0.0505,34,33
Tucson,Yoga,0.0505,25,31
Indianapolis,Event Planning & Services,0.0505,443,632
Indianapolis,Arcades,0.0505,7,7
Nashville,Breweries,0.0504,36,157
Nashville,Hardware Stores,0.0503,6,3
Philadelphia,Dim Sum,0.0503,23,38
Tampa,Keys & Locksmiths,0.0503,8,8
Tucson,Dog Parks,0.0502,6,4
Philadelphia,Health & Medical,0.0501,810,1294
Indianapolis,Breakfast & Brunch,0.05,215,339
Philadelphia,Fitness & Instruction,0.05,241,609
Philadelphia,Performing Arts,0.0499,56,82
Tampa,Hair Stylists,0.0498,56,57
Indianapolis,Middle Eastern,0.0498,13,13
Tampa,Bakeries,0.0498,109,125
Tucson,Cocktail Bars,0.0497,59,123
Philadelphia,Ethnic Food,0.0497,36,35
Nashville,Vape Shops,0.0497,5,4
Tucson,Real Estate,0.0497,191,246
Tampa,Parking,0.0497,12,11
Tampa,Dive Bars,0.0497,7,5
Indianapolis,Lounges,0.0496,28,24
Nashville,Apartments,0.0496,80,95
Tucson,Bagels,0.0496,5,4
Tucson,Watch Repair,0.0495,5,4
Philadelphia,Hawaiian,0.0495,5,5
Tampa,Desserts,0.0495,109,146
Tucson,Jewelry Repair,0.0495,5,4
Tucson,Transportation,0.0495,17,13
Tucson,Brewpubs,0.0494,5,7
Nashville,Musical Instruments & Teachers,0.0494,12,18
Nashville,Food,0.0494,1273,4310
Indianapolis,Food Delivery Services,0.0493,15,10
Indianapolis,Heating & Air Conditioning/HVAC,0.0493,17,12
Tampa,Hair Salons,0.0493,189,222
Tampa,Playgrounds,0.0493,9,9
Tucson,Gyms,0.0493,41,41
Tucson,Tobacco Shops,0.0492,30,43
Indianapolis,Irish,0.0492,5,4
Nashville,Education,0.0492,21,18
Tampa,Cosmetic Dentists,0.0492,28,23
Tampa,Music Venues,0.0492,32,50
Indianapolis,Makeup Artists,0.0492,13,8
Tucson,Junk Removal & Hauling,0.0491,5,4
Indianapolis,Auto Glass Services,0.0491,6,5
Philadelphia,Pubs,0.0491,160,320
Tampa,Cigar Bars,0.049,5,5
Tampa,Soul Food,0.049,19,25
Philadelphia,IT Services & Computer Repair,0.0489,27,30
Tampa,Coffee & Tea,0.0489,303,571
Philadelphia,Elementary Schools,0.0489,6,5
Nashville,Home Cleaning,0.0489,16,16
Tampa,Dance Clubs,0.0489,16,22
Tampa,Real Estate,0.0489,184,263
Tampa,Home Services,0.0488,799,1467
Tampa,Burgers,0.0488,173,206
Nashville,Real Estate,0.0488,114,141
Tampa,Apartments,0.0487,117,169
Philadelphia,Child Care & Day Care,0.0487,15,13
Tucson,Ethnic Food,0.0487,5,3
Tucson,Bike Repair/Maintenance,0.0487,11,14
Tucson,Appliances & Repair,0.0486,25,19
Philadelphia,Coffee & Tea,0.0486,763,1603
Philadelphia,Auto Repair,0.0486,181,181
Tucson,Bubble Tea,0.0486,14,48
Tampa,Blow Dry/Out Services,0.0486,16,15
Philadelphia,Kosher,0.0486,11,9
Tucson,Apartments,0.0486,113,156
Philadelphia,Gastropubs,0.0486,71,106
Philadelphia,Golf,0.0486,11,15
Tampa,Pool & Hot Tub Service,0.0485,8,6
Tampa,Sewing & Alterations,0.0485,13,10
Tampa,Hot Tub & Pool,0.0485,8,6
Nashville,Dive Bars,0.0484,29,37
Tucson,Endodontists,0.0484,11,9
Tucson,Reflexology,0.0484,23,43
Tucson,Landscape Architects,0.0483,8,6
Philadelphia,Shades & Blinds,0.0482,10,11
Tucson,Guns & Ammo,0.0482,14,28
Tucson,Bikes,0.0482,18,23
Philadelphia,Kitchen & Bath,0.0482,13,10
Tucson,Bridal,0.0482,14,16
Tampa,Cafes,0.0481,116,150
Tampa,Restaurants,0.0481,2935,15566
Tampa,Lounges,0.0481,41,48
Philadelphia,Trainers,0.0481,65,97
Tucson,Cannabis Clinics,0.048,16,66
Philadelphia,Shipping Centers,0.048,30,27
Indianapolis,Italian,0.048,71,62
Tucson,Kids Activities,0.048,5,5
Philadelphia,Hardware Stores,0.048,9,10
Tucson,Cheesesteaks,0.0479,5,4
Nashville,Mobile Phone Repair,0.0478,6,4
Philadelphia,Pizza,0.0478,633,1124
Tucson,Taxis,0.0478,10,7
Indianapolis,Vietnamese,0.0478,18,33
Tucson,American (New),0.0477,163,402
Philadelphia,Local Services,0.0477,768,1056
Indianapolis,Bagels,0.0477,5,3
Tucson,Heating & Air Conditioning/HVAC,0.0477,38,35
Nashville,Home Services,0.0477,474,839
Tampa,Chinese,0.0476,72,101
Nashville,Historical Tours,0.0476,8,11
Tampa,Gluten-Free,0.0476,24,29
Philadelphia,Vietnamese,0.0475,98,300
Tucson,Pets,0.0475,178,254
Tucson,Nightlife,0.0475,449,1526
Tucson,Keys & Locksmiths,0.0474,9,7
Tampa,Donuts,0.0474,16,17
Tampa,Dermatologists,0.0474,9,7
Nashville,Pakistani,0.0473,5,8
Tampa,Soup,0.0473,19,23
Indianapolis,Korean,0.0472,5,5
Tampa,Endodontists,0.0472,16,12
Tucson,Wedding Planning,0.0471,5,3
Tucson,Sandwiches,0.0471,266,368
Indianapolis,Salad,0.0471,113,134
Philadelphia,Caribbean,0.0471,41,35
Philadelphia,Flooring,0.0471,16,13
Tampa,Sandwiches,0.047,348,490
Philadelphia,Nightlife,0.047,1333,5143
Philadelphia,Breweries,0.047,39,111
Nashville,Auto Glass Services,0.0469,10,8
Tampa,Juice Bars & Smoothies,0.0469,73,125
Tucson,Mortgage Brokers,0.0468,7,4
Philadelphia,Modern European,0.0468,12,12
Tucson,Cannabis Dispensaries,0.0468,9,16
Philadelphia,Oral Surgeons,0.0468,14,10
Tampa,Pets,0.0467,120,152
Philadelphia,Professional Services,0.0467,143,128
Tucson,Bars,0.0467,401,1397
Tucson,Desserts,0.0466,81,77
Nashville,Museums,0.0466,22,66
Indianapolis,American (Traditional),0.0466,420,910
Philadelphia,Latin American,0.0465,31,29
Tucson,Funeral Services & Cemeteries,0.0465,6,4
Indianapolis,Plumbing,0.0465,19,16
Tucson,Italian,0.0465,89,116
Tucson,Sports Wear,0.0465,7,6
Nashville,Greek,0.0465,22,15
Tampa,American (New),0.0465,243,597
Nashville,Bridal,0.0465,17,19
Nashville,Health & Medical,0.0465,330,481
Tampa,Nightlife,0.0464,647,2078
Tucson,Chicken Shop,0.0464,16,19
Indianapolis,Day Spas,0.0464,14,10
Philadelphia,Optometrists,0.0463,23,13
Tucson,Delis,0.0463,35,40
Philadelphia,Pilates,0.0463,23,42
Philadelphia,Sandwiches,0.0463,723,1239
Philadelphia,Ice Cream & Frozen Yogurt,0.0463,131,183
Tucson,Motorcycle Gear,0.0463,8,14
Tucson,Restaurants,0.0462,2436,13366
Nashville,International Grocery,0.0462,11,10
Tampa,Asian Fusion,0.0462,50,76
Nashville,Pest Control,0.0462,8,8
Tucson,Dermatologists,0.0462,8,4
Tampa,Tapas/Small Plates,0.0462,13,16
Tampa,Comfort Food,0.0462,9,10
Philadelphia,Bakeries,0.0462,223,362
Philadelphia,Museums,0.0461,36,81
Philadelphia,Boot Camps,0.0461,12,18
Tucson,Pet Groomers,0.0461,49,50
Philadelphia,Pet Adoption,0.0461,6,4
Tampa,Coffee Roasteries,0.0461,14,29
Tampa,Tex-Mex,0.0461,20,14
Tampa,Hot Dogs,0.046,5,6
Tucson,Mexican,0.046,436,930
Indianapolis,Asian Fusion,0.046,25,25
Tucson,Szechuan,0.046,7,13
Philadelphia,Poke,0.0459,12,23
Tucson,Television Service Providers,0.0459,14,22
Tucson,Security Systems,0.0459,6,6
Tucson,Pet Services,0.0458,104,124
Tampa,Southern,0.0458,21,33
Tampa,IV Hydration,0.0458,5,4
Philadelphia,Candy Stores,0.0458,8,12
Philadelphia,Bubble Tea,0.0458,64,173
Philadelphia,Vape Shops,0.0458,16,37
Philadelphia,Bars,0.0457,1163,4345
Nashville,Hookah Bars,0.0457,14,20
Indianapolis,Buffets,0.0457,15,14
Nashville,Airport Shuttles,0.0457,5,4
Nashville,Dentists,0.0457,35,31
Nashville,Specialty Schools,0.0457,6,5
Indianapolis,Skin Care,0.0457,31,23
Tampa,Caribbean,0.0456,40,46
Philadelphia,Florists,0.0456,18,13
Philadelphia,Restaurants,0.0456,5829,34969
Philadelphia,Kids Activities,0.0456,8,6
Indianapolis,Periodontists,0.0456,6,6
Tampa,Tours,0.0456,14,9
Nashville,Tires,0.0456,25,24
Indianapolis,Sports Bars,0.0455,68,89
Tampa,Caterers,0.0454,48,43
Indianapolis,Delis,0.0454,29,24
Philadelphia,Chinese,0.0454,346,668
Indianapolis,Tanning,0.0454,5,3
Philadelphia,Diners,0.0454,48,70
Tampa,Pizza,0.0453,195,238
Tucson,Beauty & Spas,0.0453,833,1641
Tampa,Bars,0.0452,583,1810
Tucson,Obstetricians & Gynecologists,0.0452,12,8
Nashville,Pediatric Dentists,0.0452,5,4
Indianapolis,Pest Control,0.0452,6,3
Tucson,Tea Rooms,0.045,5,10
Tucson,Eyelash Service,0.045,26,23
Tucson,Tattoo,0.045,22,21
Tampa,Interval Training Gyms,0.045,12,17
Philadelphia,Karaoke,0.0449,9,8
Nashville,Pet Stores,0.0449,20,19
Nashville,Middle Eastern,0.0448,27,31
Philadelphia,Barbeque,0.0448,57,59
Philadelphia,Caterers,0.0448,123,119
Tucson,Juice Bars & Smoothies,0.0447,71,96
Indianapolis,Car Dealers,0.0447,32,31
Indianapolis,Nail Salons,0.0447,122,151
Nashville,General Dentistry,0.0446,19,12
Tampa,Korean,0.0446,15,20
Philadelphia,Southern,0.0446,15,15
Nashville,Korean,0.0445,8,8
Tucson,University Housing,0.0444,5,5
Philadelphia,Motorcycle Repair,0.0444,6,8
Tampa,Barbeque,0.0444,47,55
Tampa,Beauty & Spas,0.0443,799,1542
Philadelphia,Meat Shops,0.0443,25,27
Philadelphia,Watches,0.0443,6,4
Nashville,Veterinarians,0.0443,17,20
Tampa,Cuban,0.0442,46,45
Tucson,Auto Repair,0.0442,242,252
Tampa,Wine Bars,0.044,34,45
Philadelphia,Contractors,0.044,99,107
Nashville,Barbers,0.044,35,27
Philadelphia,Juice Bars & Smoothies,0.044,80,96
Indianapolis,Tex-Mex,0.0439,19,13
Tampa,Kids Activities,0.0439,12,10
Tucson,Airport Shuttles,0.0439,7,6
Nashville,Massage,0.0439,47,40
Indianapolis,Musical Instruments & Teachers,0.0438,5,6
Tucson,Auto Glass Services,0.0438,31,24
Tucson,Property Management,0.0438,18,15
Tucson,Bakeries,0.0437,73,77
Philadelphia,Real Estate,0.0437,179,223
Tampa,Piercing,0.0437,11,9
Tampa,Hookah Bars,0.0436,9,7
Philadelphia,German,0.0436,6,5
Tampa,Poke,0.0436,21,28
Tucson,Massage,0.0435,80,105
Philadelphia,Cafes,0.0435,176,222
Indianapolis,Movers,0.0435,14,11
Philadelphia,Transportation,0.0435,61,74
Tampa,Salad,0.0435,100,104
Tucson,Chinese,0.0435,106,213
Nashville,Plumbing,0.0434,21,22
Indianapolis,Barbeque,0.0434,44,41
Tucson,Karaoke,0.0434,10,10
Philadelphia,Chocolatiers & Shops,0.0434,12,15
Philadelphia,Sports Bars,0.0433,84,88
Nashville,Bowling,0.0433,6,5
Tucson,Mattresses,0.0433,12,10
Philadelphia,Tea Rooms,0.0433,6,4
Philadelphia,French,0.0432,46,72
Tampa,Tires,0.0432,50,45
Philadelphia,Vegetarian,0.0431,105,190
Tucson,Resorts,0.0431,7,7
Indianapolis,Seafood,0.0431,94,174
Philadelphia,Cambodian,0.043,8,13
Philadelphia,Medical Spas,0.043,14,11
Nashville,Latin American,0.043,26,41
Nashville,Mexican,0.0429,198,293
Tucson,Buffets,0.0429,20,34
Indianapolis,Soul Food,0.0429,18,17
Tampa,Pet Groomers,0.0429,31,28
Tucson,Japanese,0.0429,59,146
Nashville,Bakeries,0.0428,83,106
Tampa,Veterinarians,0.0428,19,16
Tampa,Ramen,0.0428,10,10
Tucson,Cafes,0.0428,70,75
Philadelphia,Hospitals,0.0427,24,20
Philadelphia,Specialty Schools,0.0427,34,27
Nashville,Dry Cleaning & Laundry,0.0427,9,6
Nashville,Cosmetic Dentists,0.0426,14,9
Philadelphia,Spanish,0.0425,10,9
Nashville,Oil Change Stations,0.0425,24,22
Tampa,Tobacco Shops,0.0425,39,67
Tampa,Auto Repair,0.0425,134,128
Tucson,Soup,0.0425,11,12
Philadelphia,Russian,0.0425,11,26
Tampa,Sports Bars,0.0425,89,114
Philadelphia,American (New),0.0425,576,1407
Philadelphia,Thai,0.0424,56,72
Tampa,American (Traditional),0.0424,314,453
Tampa,Pet Services,0.0424,62,71
Philadelphia,Desserts,0.0424,194,319
Philadelphia,Nurseries & Gardening,0.0423,11,8
Tucson,RV Parks,0.0423,5,5
Nashville,Tacos,0.0423,35,35
Tampa,Transmission Repair,0.0423,5,5
Tucson,Korean,0.0423,12,22
Philadelphia,Irish Pub,0.0423,8,11
Nashville,Beer Bar,0.0422,32,51
Nashville,Pets,0.0422,93,122
Tucson,Tires,0.0422,75,67
Nashville,Building Supplies,0.0422,11,11
Philadelphia,Home Services,0.0421,874,1588
Indianapolis,Thai,0.0421,27,45
Nashville,Ramen,0.0421,7,6
Tampa,Cocktail Bars,0.0421,76,151
Indianapolis,Indian,0.0421,31,32
Tampa,Mattresses,0.0421,12,8
Philadelphia,Mobile Phones,0.0421,18,17
Philadelphia,Greek,0.042,13,14
Tucson,Asian Fusion,0.042,26,26
Philadelphia,Handyman,0.042,11,10
Tampa,Tattoo,0.0419,17,15
Indianapolis,Mattresses,0.0419,15,15
Tampa,Vegan,0.0419,33,58
Philadelphia,Mexican,0.0419,201,273
Tucson,Transmission Repair,0.0419,6,3
Philadelphia,Butcher,0.0419,5,4
Tucson,Veterinarians,0.0419,39,38
Nashville,Vietnamese,0.0418,12,31
Philadelphia,Pet Stores,0.0418,35,37
Tampa,Head Shops,0.0417,5,4
Philadelphia,Parking,0.0417,15,10
Philadelphia,Traditional Chinese Medicine,0.0417,5,6
Tucson,Chicken Wings,0.0417,69,60
Tucson,Medical Centers,0.0417,43,32
Tucson,Auto Detailing,0.0417,18,16
Tucson,Salad,0.0417,61,70
Tampa,Breakfast & Brunch,0.0416,232,316
Tampa,Tapas Bars,0.0415,10,8
Tucson,Vietnamese,0.0414,22,42
Philadelphia,Post Offices,0.0414,6,4
Nashville,Venues & Event Spaces,0.0414,65,69
Tucson,Car Wash,0.0413,25,19
Philadelphia,Breakfast & Brunch,0.0413,498,912
Tampa,Greek,0.0413,6,3
Philadelphia,Building Supplies,0.0413,9,10
Tucson,American (Traditional),0.0413,268,547
Indianapolis,Caribbean,0.0412,10,12
Indianapolis,Appliances & Repair,0.0412,12,10
Philadelphia,Middle Eastern,0.0411,58,76
Tampa,Air Duct Cleaning,0.0411,6,4
Nashville,Buffets,0.0411,9,11
Nashville,Bagels,0.0411,9,8
Tucson,Plumbing,0.041,39,37
Nashville,Delis,0.041,39,31
Philadelphia,Salad,0.041,139,173
Tucson,Barbeque,0.041,28,33
Tampa,Tacos,0.041,37,27
Tucson,Pizza,0.0409,129,174
Philadelphia,Brazilian,0.0409,7,10
Tampa,Hair Extensions,0.0409,29,30
Nashville,Music Venues,0.0408,110,293
Philadelphia,Vegan,0.0408,94,262
Tucson,Venues & Event Spaces,0.0408,39,46
Philadelphia,Japanese,0.0407,162,272
Philadelphia,Hair Salons,0.0407,307,364
Tucson,Oral Surgeons,0.0407,14,11
Philadelphia,Apartments,0.0406,99,127
Tampa,Japanese,0.0406,66,105
Philadelphia,Sports Clubs,0.0406,9,9
Tampa,Property Management,0.0406,18,19
Indianapolis,Car Wash,0.0406,9,5
Philadelphia,Tires,0.0406,56,47
Nashville,Pubs,0.0405,60,100
Indianapolis,Soup,0.0405,15,10
Tucson,Seafood,0.0405,51,60
Tucson,Sports Bars,0.0405,68,125
Nashville,Coffee & Tea,0.0404,232,473
Indianapolis,Diners,0.0404,34,32
Philadelphia,Computers,0.0404,8,6
Philadelphia,Wraps,0.0404,9,6
Nashville,Appliances & Repair,0.0403,6,4
Philadelphia,Asian Fusion,0.0402,112,124
Philadelphia,Cantonese,0.0402,8,8
Tampa,Sushi Bars,0.0402,80,137
Nashville,Carpet Cleaning,0.0402,5,5
Tucson,Thai,0.0401,13,22
Philadelphia,Cajun/Creole,0.0401,8,9
Tucson,Day Spas,0.0401,72,64
Indianapolis,Japanese,0.0401,50,88
Philadelphia,Ramen,0.0401,16,26
Nashville,Sandwiches,0.0401,273,363
Philadelphia,Appliances,0.0401,14,12
Nashville,Desserts,0.0401,115,129
Nashville,Laundry Services,0.0401,13,9
Tampa,Steakhouses,0.0401,42,73
Philadelphia,American (Traditional),0.04,464,755
Tucson,Breakfast & Brunch,0.04,219,398
Philadelphia,Gluten-Free,0.04,25,22
Nashville,Restaurants,0.04,2480,13254
Tampa,Italian,0.0398,115,139
Indianapolis,Greek,0.0398,17,15
Tampa,Seafood,0.0397,135,225
Nashville,Pet Services,0.0397,62,67
Philadelphia,Head Shops,0.0397,5,4
Philadelphia,Masonry/Concrete,0.0397,6,5
Philadelphia,Event Planning & Services,0.0397,511,599
Tucson,Skin Care,0.0397,98,94
Philadelphia,Mobile Phone Accessories,0.0396,7,7
Philadelphia,Bagels,0.0396,28,23
Tampa,Event Planning & Services,0.0396,382,485
Philadelphia,Seafood,0.0396,213,308
Philadelphia,Acupuncture,0.0395,25,28
Tampa,Medical Spas,0.0395,23,19
Philadelphia,Beauty & Spas,0.0395,1126,2067
Nashville,Auto Repair,0.0395,97,102
Philadelphia,Electricians,0.0395,11,12
Nashville,Hair Stylists,0.0394,14,12
Philadelphia,Nail Salons,0.0394,288,429
Nashville,Lounges,0.0394,71,104
Philadelphia,Iberian,0.0394,5,7
Philadelphia,Venues & Event Spaces,0.0393,104,96
Tampa,Movers,0.0393,18,18
Philadelphia,Tours,0.0393,11,12
Philadelphia,Pet Services,0.0392,123,165
Indianapolis,Hair Removal,0.0392,42,29
Tampa,Car Dealers,0.0392,38,52
Tucson,Acai Bowls,0.0391,6,6
Tucson,Wheel & Rim Repair,0.0391,6,5
Nashville,Beauty & Spas,0.039,487,774
Philadelphia,Pets,0.039,188,279
Philadelphia,Motorcycle Dealers,0.039,9,11
Tucson,Coffee Roasteries,0.039,5,7
Nashville,Burgers,0.0389,203,310
Nashville,Transportation,0.0389,26,30
Tucson,Sushi Bars,0.0389,49,108
Philadelphia,Chicken Shop,0.0389,28,20
Philadelphia,Halal,0.0389,36,43
Tucson,Vegetarian,0.0389,40,55
Nashville,Electronics Repair,0.0389,6,3
Philadelphia,Property Management,0.0389,16,12
Nashville,Towing,0.0388,8,9
Nashville,Juice Bars & Smoothies,0.0388,41,40
Tampa,Venues & Event Spaces,0.0387,75,71
Nashville,Car Rental,0.0387,16,16
Tampa,Halal,0.0387,24,38
Nashville,Japanese,0.0386,56,79
Tucson,Event Planning & Services,0.0386,330,419
Philadelphia,Tanning,0.0385,12,10
Philadelphia,Sewing & Alterations,0.0385,23,19
Tucson,Middle Eastern,0.0385,10,11
Tampa,Reflexology,0.0385,5,5
Philadelphia,Cosmetic Dentists,0.0385,28,20
Tucson,Body Shops,0.0384,21,17
Tucson,Oil Change Stations,0.0384,62,56
Philadelphia,Irish,0.0384,16,22
Philadelphia,Printing Services,0.0384,11,7
Tampa,Body Shops,0.0384,21,21
Tampa,Water Heater Installation/Repair,0.0384,7,4
Indianapolis,Formal Wear,0.0383,5,4
Indianapolis,Steakhouses,0.0383,64,94
Tampa,Boating,0.0383,5,3
Tucson,Wineries,0.0382,6,4
Philadelphia,Coffee Roasteries,0.0382,22,26
Tampa,Adult Entertainment,0.0382,8,18
Tucson,Arcades,0.0382,5,4
Nashville,Donuts,0.038,15,20
Nashville,Makeup Artists,0.038,11,11
Philadelphia,Mobile Phone Repair,0.038,15,12
Philadelphia,Lingerie,0.038,5,4
Tucson,Meat Shops,0.0379,9,6
Tampa,Bridal,0.0379,18,22
Tampa,Diners,0.0379,32,28
Tampa,Vegetarian,0.0378,31,35
Tucson,Donuts,0.0378,12,18
Nashville,Karaoke,0.0378,20,25
Philadelphia,Sushi Bars,0.0378,107,155
Indianapolis,Noodles,0.0377,7,8
Philadelphia,Mediterranean,0.0376,83,88
Tampa,Mediterranean,0.0376,38,37
Tampa,Acai Bowls,0.0376,25,29
Tampa,Pilates,0.0376,5,4
Tampa,Auto Detailing,0.0375,9,8
Nashville,Bubble Tea,0.0375,9,16
Tampa,Oil Change Stations,0.0374,29,24
Philadelphia,Office Cleaning,0.0373,12,12
Philadelphia,Portuguese,0.0373,6,9
Tucson,Caterers,0.0373,32,24
Tucson,Vegan,0.0373,15,35
Indianapolis,Halal,0.0373,7,4
Tampa,Massage,0.0372,57,52
Philadelphia,Heating & Air Conditioning/HVAC,0.0372,12,14
Tucson,Pakistani,0.0372,6,12
Indianapolis,Sushi Bars,0.0372,39,54
Philadelphia,Pakistani,0.0372,14,17
Philadelphia,Food Delivery Services,0.0372,27,19
Philadelphia,Car Rental,0.0371,15,12
Philadelphia,Massage Therapy,0.0371,43,40
Tucson,Urgent Care,0.0371,15,11
Tucson,Gluten-Free,0.0371,16,24
Tampa,Pet Sitting,0.0371,18,17
Nashville,Airlines,0.037,7,10
Philadelphia,Seafood Markets,0.037,12,7
Tampa,Day Spas,0.0369,56,46
Philadelphia,Wine Bars,0.0369,55,58
Philadelphia,Cheesesteaks,0.0368,94,132
Tucson,Poke,0.0368,5,5
Philadelphia,Pet Groomers,0.0368,29,28
Tucson,Lighting Fixtures & Equipment,0.0368,7,6
Nashville,Wine Bars,0.0368,36,34
Nashville,Body Shops,0.0367,11,8
Nashville,Mediterranean,0.0367,45,31
Philadelphia,Italian,0.0367,336,554
Philadelphia,Beer Bar,0.0367,43,38
Nashville,Nightlife,0.0366,793,2981
Tucson,Mediterranean,0.0366,25,32
Philadelphia,Buffets,0.0366,22,22
Tucson,Water Heater Installation/Repair,0.0366,13,13
Tampa,Party & Event Planning,0.0365,11,7
Nashville,Pet Groomers,0.0365,32,34
Tampa,Indian,0.0365,43,105
Nashville,Hair Salons,0.0364,109,103
Tucson,RV Dealers,0.0364,8,9
Philadelphia,Soup,0.0364,23,20
Philadelphia,Home Cleaning,0.0363,36,33
Tampa,Skin Care,0.0363,108,117
Nashville,Cupcakes,0.0363,6,11
Nashville,Chicken Shop,0.0362,30,26
Philadelphia,Barbers,0.0362,75,77
Nashville,American (New),0.0362,308,716
Nashville,Party & Event Planning,0.0361,9,5
Tucson,Car Dealers,0.036,45,36
Nashville,Caterers,0.0359,53,43
Nashville,Hot Dogs,0.0359,17,16
Nashville,Ethiopian,0.0358,7,8
Philadelphia,Oil Change Stations,0.0358,47,36
Philadelphia,Tapas/Small Plates,0.0358,20,18
Tampa,Thai,0.0358,33,37
Nashville,French,0.0358,9,8
Tampa,Auto Parts & Supplies,0.0358,42,32
Nashville,Sushi Bars,0.0357,59,89
Nashville,Event Planning & Services,0.0357,397,500
Nashville,Cafes,0.0356,77,75
Tucson,Diners,0.0354,32,37
Nashville,Taxis,0.0354,10,12
Tucson,Tanning,0.0353,8,6
Philadelphia,Soul Food,0.0353,58,84
Nashville,Vegetarian,0.0352,18,37
Tampa,Plumbing,0.0352,22,22
Nashville,Eyelash Service,0.0352,14,13
Nashville,Pet Sitting,0.0352,23,24
Nashville,Pizza,0.0352,139,157
Philadelphia,Indian,0.0352,71,108
Nashville,Soul Food,0.0352,22,28
Philadelphia,Skin Care,0.0351,79,80
Nashville,Asian Fusion,0.0351,30,28
Tampa,Appliances & Repair,0.035,8,4
Tucson,Greek,0.035,7,6
Philadelphia,Reflexology,0.035,17,17
Tampa,Eyelash Service,0.0349,44,41
Tampa,Middle Eastern,0.0349,20,23
Philadelphia,Towing,0.0349,11,8
Tucson,Nail Salons,0.0348,183,292
Tampa,Gelato,0.0348,10,7
Indianapolis,Hotels & Travel,0.0348,219,310
Tampa,Food Delivery Services,0.0348,10,6
Nashville,Bars,0.0348,702,2519
Tucson,Indian,0.0347,13,21
Philadelphia,Cocktail Bars,0.0347,124,200
Nashville,Indian,0.0347,17,31
Tucson,Steakhouses,0.0347,35,46
Nashville,Chinese,0.0347,31,27
Tucson,RV Repair,0.0346,12,9
Tucson,Towing,0.0346,6,8
Philadelphia,Jazz & Blues,0.0345,7,4
Tucson,Hair Removal,0.0345,96,108
Tucson,Laser Hair Removal,0.0345,6,6
Nashville,Tattoo,0.0344,10,8
Nashville,Thai,0.0343,22,36
Nashville,Hair Removal,0.0342,63,60
Philadelphia,Makeup Artists,0.0341,27,20
Nashville,Auto Detailing,0.034,5,3
Philadelphia,Chiropractors,0.034,6,3
Tampa,Nail Salons,0.0339,154,178
Philadelphia,Dog Walkers,0.0339,32,30
Philadelphia,Car Dealers,0.0339,8,5
Tucson,Car Stereo Installation,0.0337,6,4
Tucson,Waxing,0.0337,61,67
Philadelphia,Watch Repair,0.0337,6,3
Philadelphia,Auto Detailing,0.0336,13,7
Philadelphia,Falafel,0.0335,6,5
Tucson,Piercing,0.0335,9,8
Tucson,Self Storage,0.0333,13,7
Indianapolis,Waxing,0.0333,15,9
Tampa,Escape Games,0.0333,8,11
Tampa,Team Building Activities,0.0332,5,8
Philadelphia,Comfort Food,0.0332,26,22
Philadelphia,Colleges & Universities,0.0332,10,7
Tampa,Puerto Rican,0.0332,10,11
Nashville,Nurseries & Gardening,0.033,6,3
Philadelphia,Plumbing,0.033,30,27
Philadelphia,Bridal,0.0329,22,23
Philadelphia,Szechuan,0.0328,7,5
Philadelphia,Endodontists,0.0328,7,5
Philadelphia,Cupcakes,0.0328,6,6
Philadelphia,Day Spas,0.0327,60,56
Indianapolis,Cajun/Creole,0.0327,15,16
Philadelphia,Employment Agencies,0.0327,5,4
Philadelphia,Nutritionists,0.0327,8,4
Nashville,Movers,0.0326,9,8
Philadelphia,Tattoo,0.0326,20,17
Philadelphia,Travel Services,0.0324,7,4
Nashville,Sports Bars,0.0324,73,79
Nashville,Tours,0.0324,43,46
Tampa,Wraps,0.0321,6,4
Indianapolis,Hotels,0.032,152,236
Philadelphia,Airport Lounges,0.0319,9,12
Philadelphia,Pet Sitting,0.0316,48,48
Tampa,Hair Removal,0.0316,127,129
Tampa,Makeup Artists,0.0316,13,14
Tampa,Transportation,0.0315,26,21
Nashville,American (Traditional),0.0314,337,627
Philadelphia,Dance Schools,0.0313,5,3
Nashville,Coffee Roasteries,0.0312,6,5
Philadelphia,Real Estate Agents,0.0312,6,3
Indianapolis,Medical Centers,0.0312,7,5
Nashville,Skin Care,0.031,49,42
Nashville,Italian,0.031,74,71
Tampa,Buffets,0.0309,15,14
Tampa,Limos,0.0308,9,7
Indianapolis,Transportation,0.0308,13,9
Tucson,Car Window Tinting,0.0308,5,3
Philadelphia,Shoe Repair,0.0308,10,8
Philadelphia,Auto Glass Services,0.0308,9,8
Nashville,Breakfast & Brunch,0.0308,243,386
Nashville,Vegan,0.0307,32,72
Tucson,Medical Spas,0.0307,16,14
Philadelphia,Hair Stylists,0.0306,34,30
Nashville,Medical Spas,0.0306,7,6
Philadelphia,Steakhouses,0.0306,43,76
Nashville,Seafood,0.0304,72,113
Philadelphia,Hotels & Travel,0.0304,226,281
Tampa,Pool Cleaners,0.0304,8,6
Nashville,Southern,0.0304,116,190
Nashville,Salad,0.0303,77,63
Nashville,Cocktail Bars,0.0303,116,225
Nashville,Barbeque,0.0302,54,56
Tucson,Bike Rentals,0.0302,6,3
Nashville,Car Dealers,0.0301,8,5
Philadelphia,Costumes,0.03,5,3
Nashville,Acai Bowls,0.03,14,14
Philadelphia,Eyelash Service,0.0298,47,38
Tucson,Windshield Installation & Repair,0.0297,12,7
Philadelphia,Hookah Bars,0.0297,38,57
Philadelphia,Hot Pot,0.0296,10,10
Nashville,Candy Stores,0.0296,5,5
Philadelphia,Waxing,0.0294,93,105
Philadelphia,Hair Removal,0.0293,150,183
Philadelphia,Blow Dry/Out Services,0.0293,6,5
Philadelphia,Veterinarians,0.0293,34,34
Nashville,Nail Salons,0.0293,91,118
Philadelphia,Massage,0.0293,104,108
Nashville,Diners,0.0292,15,9
Philadelphia,Body Shops,0.0292,26,20
Tampa,Waxing,0.0291,70,77
Tampa,Motorcycle Repair,0.0291,6,7
Indianapolis,Bridal,0.0291,12,22
Philadelphia,Formal Wear,0.029,6,9
Nashville,Waxing,0.0288,33,31
Tampa,Hotels & Travel,0.0287,249,319
Tampa,Eyebrow Services,0.0286,15,11
Tucson,Comfort Food,0.0286,6,3
Tucson,Tours,0.0283,7,4
Philadelphia,Bikes,0.028,13,14
Tampa,Heating & Air Conditioning/HVAC,0.028,27,20
Philadelphia,Bike Repair/Maintenance,0.028,13,14
Philadelphia,Electronics Repair,0.028,11,9
Nashville,Chicken Wings,0.028,59,61
Nashville,Day Spas,0.0279,27,19
Tampa,Lebanese,0.0279,6,4
Nashville,Soup,0.0278,5,6
Nashville,Distilleries,0.0275,13,10
Indianapolis,Water Heater Installation/Repair,0.0275,6,3
Philadelphia,Escape Games,0.0275,12,21
Philadelphia,Airport Shuttles,0.0272,8,6
Tucson,Makeup Artists,0.0272,8,5
Nashville,Landscaping,0.0271,5,4
Philadelphia,Hair Extensions,0.0271,16,12
Nashville,Blow Dry/Out Services,0.0271,9,6
Tucson,Hotels & Travel,0.027,194,236
Nashville,Hotels & Travel,0.027,283,410
Nashville,Gastropubs,0.027,6,3
Philadelphia,Tacos,0.0266,10,5
Tampa,Home Cleaning,0.0266,6,3
Nashville,Tapas/Small Plates,0.0266,9,6
Philadelphia,Movers,0.0263,18,14
Nashville,Men's Hair Salons,0.0262,6,3
Tucson,Mountain Biking,0.0259,6,3
Philadelphia,Physical Therapy,0.0259,6,5
Tampa,Hotels,0.0258,115,161
Philadelphia,Pet Training,0.0258,7,7
Nashville,Comfort Food,0.0255,11,7
Nashville,Reflexology,0.0255,8,6
Philadelphia,Orthodontists,0.0251,8,4
Tampa,Car Rental,0.0249,18,17
Philadelphia,Water Heater Installation/Repair,0.0248,11,9
Tucson,Hotels,0.0244,111,142
Nashville,Pet Boarding,0.0243,5,3
Tucson,Car Rental,0.0242,10,6
Nashville,Steakhouses,0.0238,46,77
Nashville,Gluten-Free,0.0237,14,11
Philadelphia,Wedding Planning,0.0234,7,6
Philadelphia,Piercing,0.0231,10,7
Philadelphia,Men's Hair Salons,0.023,19,16
Nashville,Hotels,0.023,128,164
Nashville,Hair Extensions,0.0227,6,3
Philadelphia,Pressure Washers,0.0219,8,6
Nashville,Heating & Air Conditioning/HVAC,0.0218,10,10
Nashville,Caribbean,0.0217,9,10
Tampa,Airport Shuttles,0.0207,7,4
Nashville,Team Building Activities,0.0195,5,5
Tampa,Taxis,0.019,7,4
Philadelphia,Taxis,0.0189,14,15
Philadelphia,Airlines,0.0188,10,7
Tucson,Nail Technicians,0.0185,5,4
Philadelphia,Hotels,0.0159,60,77
